"207968_S_AT","ENSG00000081189","MEF2C","myocyte enhancer factor 2C [Source:HGNC Symbol;Acc:HGNC:6996]","AFFY_HG_U133A_2,AFFY_HG_U133_PLUS_2"
"207655_S_AT","ENSG00000095585","BLNK","B cell linker [Source:HGNC Symbol;Acc:HGNC:14211]","AFFY_HG_FOCUS,AFFY_HG_U133A_2,AFFY_HG_U133_PLUS_2"
"211005_AT","ENSG00000213658","LAT","linker for activation of T cells [Source:HGNC Symbol;Acc:HGNC:18874]","AFFY_HG_FOCUS,AFFY_HG_U133A_2,AFFY_HG_U133_PLUS_2"
"211005_AT","ENSG00000261067","None","novel transcript","AFFY_HG_FOCUS,AFFY_HG_U133A_2,AFFY_HG_U133_PLUS_2"
"227755_AT","ENSG00000178607","ERN1","endoplasmic reticulum to nucleus signaling 1 [Source:HGNC Symbol;Acc:HGNC:3449]","AFFY_HG_U133B,AFFY_HG_U133_PLUS_2"
"236395_AT","None","None","None",
"212813_AT","ENSG00000166086","JAM3","junctional adhesion molecule 3 [Source:HGNC Symbol;Acc:HGNC:15532]","AFFY_HG_U133A_2,AFFY_HG_U133_PLUS_2"
"1563209_A_AT","ENSG00000172264","MACROD2","mono-ADP ribosylhydrolase 2 [Source:HGNC Symbol;Acc:HGNC:16126]","AFFY_HG_U133_PLUS_2"
"213537_AT","ENSG00000231389","HLA-DPA1","major histocompatibility complex, class II, DP alpha 1 [Source:HGNC Symbol;Acc:HGNC:4938]","AFFY_HG_U133A_2,AFFY_HG_U133_PLUS_2"
"212713_AT","ENSG00000166482","MFAP4","microfibril associated protein 4 [Source:HGNC Symbol;Acc:HGNC:7035]","AFFY_HG_U133A_2,AFFY_HG_U133_PLUS_2"
"211991_S_AT","ENSG00000231389","HLA-DPA1","major histocompatibility complex, class II, DP alpha 1 [Source:HGNC Symbol;Acc:HGNC:4938]","AFFY_HG_U133A_2,AFFY_HG_U133_PLUS_2"
"50221_AT","ENSG00000112561","TFEB","transcription factor EB [Source:HGNC Symbol;Acc:HGNC:11753]","AFFY_HG_U133A_2,AFFY_HG_U133_PLUS_2,AFFY_HG_U95B"
"209228_X_AT","ENSG00000104723","TUSC3","tumor suppressor candidate 3 [Source:HGNC Symbol;Acc:HGNC:30242]","AFFY_HG_U133A_2,AFFY_HG_U133_PLUS_2"
"209881_S_AT","ENSG00000213658","LAT","linker for activation of T cells [Source:HGNC Symbol;Acc:HGNC:18874]","AFFY_HG_U133A_2,AFFY_HG_U133_PLUS_2"
"209881_S_AT","ENSG00000261067","None","novel transcript","AFFY_HG_U133A_2,AFFY_HG_U133_PLUS_2"
"220418_AT","ENSG00000160185","UBASH3A","ubiquitin associated and SH3 domain containing A [Source:HGNC Symbol;Acc:HGNC:12462]","AFFY_HG_FOCUS,AFFY_HG_U133A_2,AFFY_HG_U133_PLUS_2"
"218613_AT","ENSG00000156011","PSD3","pleckstrin and Sec7 domain containing 3 [Source:HGNC Symbol;Acc:HGNC:19093]","AFFY_HG_U133A_2,AFFY_HG_U133_PLUS_2"
"204936_AT","ENSG00000168067","MAP4K2","mitogen-activated protein kinase kinase kinase kinase 2 [Source:HGNC Symbol;Acc:HGNC:6864]","AFFY_HG_FOCUS,AFFY_HG_U133A_2,AFFY_HG_U133_PLUS_2"
"219532_AT","ENSG00000118402","ELOVL4","ELOVL fatty acid elongase 4 [Source:HGNC Symbol;Acc:HGNC:14415]","AFFY_HG_FOCUS,AFFY_HG_U133A_2,AFFY_HG_U133_PLUS_2"
"205504_AT","ENSG00000010671","BTK","Bruton tyrosine kinase [Source:HGNC Symbol;Acc:HGNC:1133]","AFFY_HG_FOCUS,AFFY_HG_U133A_2,AFFY_HG_U133_PLUS_2"
"204214_S_AT","ENSG00000118508","RAB32","RAB32, member RAS oncogene family [Source:HGNC Symbol;Acc:HGNC:9772]","AFFY_HG_FOCUS,AFFY_HG_U133A_2,AFFY_HG_U133_PLUS_2"
"204670_X_AT","ENSG00000196126","HLA-DRB1","major histocompatibility complex, class II, DR beta 1 [Source:HGNC Symbol;Acc:HGNC:4948]","AFFY_HG_FOCUS,AFFY_HG_U133A_2,AFFY_HG_U133_PLUS_2"
"208306_X_AT","ENSG00000196126","HLA-DRB1","major histocompatibility complex, class II, DR beta 1 [Source:HGNC Symbol;Acc:HGNC:4948]","AFFY_HG_FOCUS,AFFY_HG_U133A_2,AFFY_HG_U133_PLUS_2"
"229606_AT","None","None","None",
"239214_AT","None","None","None",
"202457_S_AT","ENSG00000138814","PPP3CA","protein phosphatase 3 catalytic subunit alpha [Source:HGNC Symbol;Acc:HGNC:9314]","AFFY_HG_U133A_2,AFFY_HG_U133_PLUS_2"
"205101_AT","ENSG00000179583","CIITA","class II major histocompatibility complex transactivator [Source:HGNC Symbol;Acc:HGNC:7067]","AFFY_HG_U133A_2,AFFY_HG_U133_PLUS_2"
"206804_AT","ENSG00000160654","CD3G","CD3 gamma subunit of T-cell receptor complex [Source:HGNC Symbol;Acc:HGNC:1675]","AFFY_HG_FOCUS,AFFY_HG_U133A_2,AFFY_HG_U133_PLUS_2"
"213060_S_AT","ENSG00000064886","CHI3L2","chitinase 3 like 2 [Source:HGNC Symbol;Acc:HGNC:1933]","AFFY_HG_FOCUS,AFFY_HG_U133A_2,AFFY_HG_U133_PLUS_2"
"226878_AT","ENSG00000204252","HLA-DOA","major histocompatibility complex, class II, DO alpha [Source:HGNC Symbol;Acc:HGNC:4936]","AFFY_HG_U133B,AFFY_HG_U133_PLUS_2"
"210055_AT","ENSG00000165409","TSHR","thyroid stimulating hormone receptor [Source:HGNC Symbol;Acc:HGNC:12373]","AFFY_HG_FOCUS,AFFY_HG_U133A_2,AFFY_HG_U133_PLUS_2"
"207016_S_AT","ENSG00000128918","ALDH1A2","aldehyde dehydrogenase 1 family member A2 [Source:HGNC Symbol;Acc:HGNC:15472]","AFFY_HG_FOCUS,AFFY_HG_U133A_2,AFFY_HG_U133_PLUS_2"
"203355_S_AT","ENSG00000156011","PSD3","pleckstrin and Sec7 domain containing 3 [Source:HGNC Symbol;Acc:HGNC:19093]","AFFY_HG_U133A_2,AFFY_HG_U133_PLUS_2"
"223553_S_AT","ENSG00000146094","DOK3","docking protein 3 [Source:HGNC Symbol;Acc:HGNC:24583]","AFFY_HG_U133B,AFFY_HG_U133_PLUS_2"
"202114_AT","ENSG00000205302","SNX2","sorting nexin 2 [Source:HGNC Symbol;Acc:HGNC:11173]","AFFY_HG_FOCUS,AFFY_HG_U133A_2,AFFY_HG_U133_PLUS_2"
"214190_X_AT","ENSG00000103365","GGA2","golgi associated, gamma adaptin ear containing, ARF binding protein 2 [Source:HGNC Symbol;Acc:HGNC:16064]","AFFY_HG_U133A_2,AFFY_HG_U133_PLUS_2"
"210982_S_AT","ENSG00000204287","HLA-DRA","major histocompatibility complex, class II, DR alpha [Source:HGNC Symbol;Acc:HGNC:4947]","AFFY_HG_U133A_2,AFFY_HG_U133_PLUS_2"
"202429_S_AT","ENSG00000138814","PPP3CA","protein phosphatase 3 catalytic subunit alpha [Source:HGNC Symbol;Acc:HGNC:9314]","AFFY_HG_FOCUS,AFFY_HG_U133A_2,AFFY_HG_U133_PLUS_2"
"228693_AT","ENSG00000152492","CCDC50","coiled-coil domain containing 50 [Source:HGNC Symbol;Acc:HGNC:18111]","AFFY_HG_U133B,AFFY_HG_U133_PLUS_2"
"208913_AT","ENSG00000103365","GGA2","golgi associated, gamma adaptin ear containing, ARF binding protein 2 [Source:HGNC Symbol;Acc:HGNC:16064]","AFFY_HG_U133A_2,AFFY_HG_U133_PLUS_2"
"208894_AT","ENSG00000204287","HLA-DRA","major histocompatibility complex, class II, DR alpha [Source:HGNC Symbol;Acc:HGNC:4947]","AFFY_HG_FOCUS,AFFY_HG_U133A_2,AFFY_HG_U133_PLUS_2"
"220429_AT","ENSG00000164100","NDST3","N-deacetylase and N-sulfotransferase 3 [Source:HGNC Symbol;Acc:HGNC:7682]","AFFY_HG_FOCUS,AFFY_HG_U133A_2,AFFY_HG_U133_PLUS_2"
"221357_AT","ENSG00000180720","CHRM4","cholinergic receptor muscarinic 4 [Source:HGNC Symbol;Acc:HGNC:1953]","AFFY_HG_FOCUS,AFFY_HG_U133A_2,AFFY_HG_U133_PLUS_2"
"209544_AT","ENSG00000104312","RIPK2","receptor interacting serine/threonine kinase 2 [Source:HGNC Symbol;Acc:HGNC:10020]","AFFY_HG_FOCUS,AFFY_HG_U133A_2,AFFY_HG_U133_PLUS_2"
"217478_S_AT","ENSG00000204257","HLA-DMA","major histocompatibility complex, class II, DM alpha [Source:HGNC Symbol;Acc:HGNC:4934]","AFFY_HG_FOCUS,AFFY_HG_U133A_2,AFFY_HG_U133_PLUS_2"
"241833_AT","ENSG00000114757","PEX5L","peroxisomal biogenesis factor 5 like [Source:HGNC Symbol;Acc:HGNC:30024]","AFFY_HG_U133B,AFFY_HG_U133_PLUS_2"
"210038_AT","ENSG00000065675","PRKCQ","protein kinase C theta [Source:HGNC Symbol;Acc:HGNC:9410]","AFFY_HG_U133A_2,AFFY_HG_U133_PLUS_2"
"206896_S_AT","ENSG00000176533","GNG7","G protein subunit gamma 7 [Source:HGNC Symbol;Acc:HGNC:4410]","AFFY_HG_FOCUS,AFFY_HG_U133A_2,AFFY_HG_U133_PLUS_2"
"209312_X_AT","ENSG00000196126","HLA-DRB1","major histocompatibility complex, class II, DR beta 1 [Source:HGNC Symbol;Acc:HGNC:4948]","AFFY_HG_FOCUS,AFFY_HG_U133A_2,AFFY_HG_U133_PLUS_2"
"1554508_AT","ENSG00000155629","PIK3AP1","phosphoinositide-3-kinase adaptor protein 1 [Source:HGNC Symbol;Acc:HGNC:30034]","AFFY_HG_U133_PLUS_2"
"213772_S_AT","ENSG00000103365","GGA2","golgi associated, gamma adaptin ear containing, ARF binding protein 2 [Source:HGNC Symbol;Acc:HGNC:16064]","AFFY_HG_U133A_2,AFFY_HG_U133_PLUS_2"
"203828_S_AT","ENSG00000008517","IL32","interleukin 32 [Source:HGNC Symbol;Acc:HGNC:16830]","AFFY_HG_FOCUS,AFFY_HG_U133A_2,AFFY_HG_U133_PLUS_2"
"229568_AT","ENSG00000120162","MOB3B","MOB kinase activator 3B [Source:HGNC Symbol;Acc:HGNC:23825]","AFFY_HG_U133B,AFFY_HG_U133_PLUS_2"
"215193_X_AT","ENSG00000196126","HLA-DRB1","major histocompatibility complex, class II, DR beta 1 [Source:HGNC Symbol;Acc:HGNC:4948]","AFFY_HG_FOCUS,AFFY_HG_U133A_2,AFFY_HG_U133_PLUS_2"
"215193_X_AT","ENSG00000198502","HLA-DRB5","major histocompatibility complex, class II, DR beta 5 [Source:HGNC Symbol;Acc:HGNC:4953]","AFFY_HG_FOCUS,AFFY_HG_U133A_2,AFFY_HG_U133_PLUS_2"
"1561737_AT","None","None","None",
"210116_AT","ENSG00000183918","SH2D1A","SH2 domain containing 1A [Source:HGNC Symbol;Acc:HGNC:10820]","AFFY_HG_FOCUS,AFFY_HG_U133A_2,AFFY_HG_U133_PLUS_2"
"211209_X_AT","ENSG00000183918","SH2D1A","SH2 domain containing 1A [Source:HGNC Symbol;Acc:HGNC:10820]","AFFY_HG_U133A_2,AFFY_HG_U133_PLUS_2"
"203066_AT","ENSG00000182022","CHST15","carbohydrate sulfotransferase 15 [Source:HGNC Symbol;Acc:HGNC:18137]","AFFY_HG_U133A_2,AFFY_HG_U133_PLUS_2"
"205008_S_AT","ENSG00000136425","CIB2","calcium and integrin binding family member 2 [Source:HGNC Symbol;Acc:HGNC:24579]","AFFY_HG_U133A_2,AFFY_HG_U133_PLUS_2"
"238469_AT","ENSG00000119900","OGFRL1","opioid growth factor receptor like 1 [Source:HGNC Symbol;Acc:HGNC:21378]","AFFY_HG_U133B,AFFY_HG_U133_PLUS_2"
"210452_X_AT","ENSG00000186115","CYP4F2","cytochrome P450 family 4 subfamily F member 2 [Source:HGNC Symbol;Acc:HGNC:2645]","AFFY_HG_FOCUS,AFFY_HG_U133A_2,AFFY_HG_U133_PLUS_2"
"229734_AT","ENSG00000080854","IGSF9B","immunoglobulin superfamily member 9B [Source:HGNC Symbol;Acc:HGNC:32326]","AFFY_HG_U133B,AFFY_HG_U133_PLUS_2"
"201015_S_AT","ENSG00000173801","JUP","junction plakoglobin [Source:HGNC Symbol;Acc:HGNC:6207]","AFFY_HG_FOCUS,AFFY_HG_U133A_2,AFFY_HG_U133_PLUS_2"
"219441_S_AT","ENSG00000154237","LRRK1","leucine rich repeat kinase 1 [Source:HGNC Symbol;Acc:HGNC:18608]","AFFY_HG_U133A_2,AFFY_HG_U133_PLUS_2"
"1552671_A_AT","ENSG00000065923","SLC9A7","solute carrier family 9 member A7 [Source:HGNC Symbol;Acc:HGNC:17123]","AFFY_HG_U133_PLUS_2"
"1559263_S_AT","ENSG00000178199","ZC3H12D","zinc finger CCCH-type containing 12D [Source:HGNC Symbol;Acc:HGNC:21175]","AFFY_HG_U133_PLUS_2"
"244876_AT","None","None","None",
"206190_AT","ENSG00000144230","GPR17","G protein-coupled receptor 17 [Source:HGNC Symbol;Acc:HGNC:4471]","AFFY_HG_FOCUS,AFFY_HG_U133A_2,AFFY_HG_U133_PLUS_2"
"202425_X_AT","ENSG00000138814","PPP3CA","protein phosphatase 3 catalytic subunit alpha [Source:HGNC Symbol;Acc:HGNC:9314]","AFFY_HG_U133A_2,AFFY_HG_U133_PLUS_2"
"233891_AT","None","None","None",
"215925_S_AT","ENSG00000137101","CD72","CD72 molecule [Source:HGNC Symbol;Acc:HGNC:1696]","AFFY_HG_FOCUS,AFFY_HG_U133A_2,AFFY_HG_U133_PLUS_2"
"1558662_S_AT","ENSG00000153064","BANK1","B cell scaffold protein with ankyrin repeats 1 [Source:HGNC Symbol;Acc:HGNC:18233]","AFFY_HG_U133_PLUS_2"
"207030_S_AT","ENSG00000175183","CSRP2","cysteine and glycine rich protein 2 [Source:HGNC Symbol;Acc:HGNC:2470]","AFFY_HG_FOCUS,AFFY_HG_U133A_2,AFFY_HG_U133_PLUS_2"
"217147_S_AT","ENSG00000163519","TRAT1","T cell receptor associated transmembrane adaptor 1 [Source:HGNC Symbol;Acc:HGNC:30698]","AFFY_HG_U133A_2,AFFY_HG_U133_PLUS_2"
"204482_AT","ENSG00000184113","CLDN5","claudin 5 [Source:HGNC Symbol;Acc:HGNC:2047]","AFFY_HG_FOCUS,AFFY_HG_U133A_2,AFFY_HG_U133_PLUS_2"
"215443_AT","ENSG00000165409","TSHR","thyroid stimulating hormone receptor [Source:HGNC Symbol;Acc:HGNC:12373]","AFFY_HG_U133A_2,AFFY_HG_U133_PLUS_2"
"1568955_AT","ENSG00000171943","SRGAP2C","SLIT-ROBO Rho GTPase activating protein 2C [Source:HGNC Symbol;Acc:HGNC:30584]","AFFY_HG_U133_PLUS_2"
"1568955_AT","ENSG00000196369","SRGAP2B","SLIT-ROBO Rho GTPase activating protein 2B [Source:HGNC Symbol;Acc:HGNC:35237]","AFFY_HG_U133_PLUS_2"
"1568955_AT","ENSG00000266028","SRGAP2","SLIT-ROBO Rho GTPase activating protein 2 [Source:HGNC Symbol;Acc:HGNC:19751]","AFFY_HG_U133_PLUS_2"
"211210_X_AT","ENSG00000183918","SH2D1A","SH2 domain containing 1A [Source:HGNC Symbol;Acc:HGNC:10820]","AFFY_HG_U133A_2,AFFY_HG_U133_PLUS_2"
"222910_S_AT","ENSG00000114757","PEX5L","peroxisomal biogenesis factor 5 like [Source:HGNC Symbol;Acc:HGNC:30024]","AFFY_HG_U133B,AFFY_HG_U133_PLUS_2"
"208820_AT","ENSG00000169398","PTK2","protein tyrosine kinase 2 [Source:HGNC Symbol;Acc:HGNC:9611]","AFFY_HG_U133A_2,AFFY_HG_U133_PLUS_2"
"213423_X_AT","ENSG00000104723","TUSC3","tumor suppressor candidate 3 [Source:HGNC Symbol;Acc:HGNC:30242]","AFFY_HG_U133A_2,AFFY_HG_U133_PLUS_2"
"220068_AT","ENSG00000128218","VPREB3","V-set pre-B cell surrogate light chain 3 [Source:HGNC Symbol;Acc:HGNC:12710]","AFFY_HG_FOCUS,AFFY_HG_U133A_2,AFFY_HG_U133_PLUS_2"
"219528_S_AT","ENSG00000127152","BCL11B","BAF chromatin remodeling complex subunit BCL11B [Source:HGNC Symbol;Acc:HGNC:13222]","AFFY_HG_FOCUS,AFFY_HG_U133A_2,AFFY_HG_U133_PLUS_2"
"204718_AT","ENSG00000106123","EPHB6","EPH receptor B6 [Source:HGNC Symbol;Acc:HGNC:3396]","AFFY_HG_FOCUS,AFFY_HG_U133A_2,AFFY_HG_U133_PLUS_2"
"235074_AT","ENSG00000166068","SPRED1","sprouty related EVH1 domain containing 1 [Source:HGNC Symbol;Acc:HGNC:20249]","AFFY_HG_U133B,AFFY_HG_U133_PLUS_2"
"38521_AT","ENSG00000012124","CD22","CD22 molecule [Source:HGNC Symbol;Acc:HGNC:1643]","AFFY_HG_FOCUS,AFFY_HG_U133A_2,AFFY_HG_U133_PLUS_2,AFFY_HG_U95A,AFFY_HG_U95AV2"
"38521_AT","ENSG00000126266","FFAR1","free fatty acid receptor 1 [Source:HGNC Symbol;Acc:HGNC:4498]","AFFY_HG_FOCUS,AFFY_HG_U133A_2,AFFY_HG_U133_PLUS_2,AFFY_HG_U95A,AFFY_HG_U95AV2"
"210176_AT","ENSG00000174125","TLR1","toll like receptor 1 [Source:HGNC Symbol;Acc:HGNC:11847]","AFFY_HG_FOCUS,AFFY_HG_U133A_2,AFFY_HG_U133_PLUS_2"
"219724_S_AT","ENSG00000135426","TESPA1","thymocyte expressed, positive selection associated 1 [Source:HGNC Symbol;Acc:HGNC:29109]","AFFY_HG_U133A_2,AFFY_HG_U133_PLUS_2"
"209183_S_AT","ENSG00000165507","DEPP1","DEPP1 autophagy regulator [Source:HGNC Symbol;Acc:HGNC:23355]","AFFY_HG_FOCUS,AFFY_HG_U133A_2,AFFY_HG_U133_PLUS_2"
"204604_AT","ENSG00000058091","CDK14","cyclin dependent kinase 14 [Source:HGNC Symbol;Acc:HGNC:8883]","AFFY_HG_FOCUS,AFFY_HG_U133A_2,AFFY_HG_U133_PLUS_2"
"202723_S_AT","ENSG00000150907","FOXO1","forkhead box O1 [Source:HGNC Symbol;Acc:HGNC:3819]","AFFY_HG_U133A_2,AFFY_HG_U133_PLUS_2"
"202723_S_AT","ENSG00000288542","None","novel transcript","AFFY_HG_U133A_2,AFFY_HG_U133_PLUS_2"
"211211_X_AT","ENSG00000183918","SH2D1A","SH2 domain containing 1A [Source:HGNC Symbol;Acc:HGNC:10820]","AFFY_HG_U133A_2,AFFY_HG_U133_PLUS_2"
"226157_AT","ENSG00000114126","TFDP2","transcription factor Dp-2 [Source:HGNC Symbol;Acc:HGNC:11751]","AFFY_HG_U133B,AFFY_HG_U133_PLUS_2"
"227167_S_AT","ENSG00000153179","RASSF3","Ras association domain family member 3 [Source:HGNC Symbol;Acc:HGNC:14271]","AFFY_HG_U133B,AFFY_HG_U133_PLUS_2"
"219271_AT","ENSG00000158089","GALNT14","polypeptide N-acetylgalactosaminyltransferase 14 [Source:HGNC Symbol;Acc:HGNC:22946]","AFFY_HG_U133A_2,AFFY_HG_U133_PLUS_2"
"205297_S_AT","ENSG00000007312","CD79B","CD79b molecule [Source:HGNC Symbol;Acc:HGNC:1699]","AFFY_HG_FOCUS,AFFY_HG_U133A_2,AFFY_HG_U133_PLUS_2"
"215790_AT","ENSG00000196581","AJAP1","adherens junctions associated protein 1 [Source:HGNC Symbol;Acc:HGNC:30801]","AFFY_HG_U133A_2,AFFY_HG_U133_PLUS_2"
"238607_AT","ENSG00000170684","ZNF296","zinc finger protein 296 [Source:HGNC Symbol;Acc:HGNC:15981]","AFFY_HG_U133B,AFFY_HG_U133_PLUS_2"
"242292_AT","ENSG00000269911","FAM226B","family with sequence similarity 226 member B [Source:HGNC Symbol;Acc:HGNC:31964]","AFFY_HG_U133B,AFFY_HG_U133_PLUS_2"
"201647_S_AT","ENSG00000138760","SCARB2","scavenger receptor class B member 2 [Source:HGNC Symbol;Acc:HGNC:1665]","AFFY_HG_FOCUS,AFFY_HG_U133A_2,AFFY_HG_U133_PLUS_2"
"205859_AT","ENSG00000112799","LY86","lymphocyte antigen 86 [Source:HGNC Symbol;Acc:HGNC:16837]","AFFY_HG_FOCUS,AFFY_HG_U133A_2,AFFY_HG_U133_PLUS_2"
"209307_AT","ENSG00000133789","SWAP70","switching B cell complex subunit SWAP70 [Source:HGNC Symbol;Acc:HGNC:17070]","AFFY_HG_U133A_2,AFFY_HG_U133_PLUS_2"
"233261_AT","None","None","None",
"230983_AT","ENSG00000167483","NIBAN3","niban apoptosis regulator 3 [Source:HGNC Symbol;Acc:HGNC:24130]","AFFY_HG_U133B,AFFY_HG_U133_PLUS_2"
"204319_S_AT","ENSG00000148908","RGS10","regulator of G protein signaling 10 [Source:HGNC Symbol;Acc:HGNC:9992]","AFFY_HG_FOCUS,AFFY_HG_U133A_2,AFFY_HG_U133_PLUS_2"
"225659_AT","ENSG00000144228","SPOPL","speckle type BTB/POZ protein like [Source:HGNC Symbol;Acc:HGNC:27934]","AFFY_HG_U133B,AFFY_HG_U133_PLUS_2"
"225659_AT","ENSG00000241772","None","novel transcript","AFFY_HG_U133B,AFFY_HG_U133_PLUS_2"
"220254_AT","ENSG00000147650","LRP12","LDL receptor related protein 12 [Source:HGNC Symbol;Acc:HGNC:31708]","AFFY_HG_U133A_2,AFFY_HG_U133_PLUS_2"
"1564936_AT","ENSG00000260070","None","novel transcript, antisense to KIAA0895","AFFY_HG_U133_PLUS_2"
"214862_X_AT","ENSG00000260400","None","novel transcript, overlapping to TET1","AFFY_HG_U133A_2,AFFY_HG_U133_PLUS_2"
"209306_S_AT","ENSG00000133789","SWAP70","switching B cell complex subunit SWAP70 [Source:HGNC Symbol;Acc:HGNC:17070]","AFFY_HG_U133A_2,AFFY_HG_U133_PLUS_2"
"213485_S_AT","ENSG00000124574","ABCC10","ATP binding cassette subfamily C member 10 [Source:HGNC Symbol;Acc:HGNC:52]","AFFY_HG_U133A_2,AFFY_HG_U133_PLUS_2"
"204164_AT","ENSG00000213445","SIPA1","signal-induced proliferation-associated 1 [Source:HGNC Symbol;Acc:HGNC:10885]","AFFY_HG_FOCUS,AFFY_HG_U133A_2,AFFY_HG_U133_PLUS_2"
"223059_S_AT","ENSG00000065809","FAM107B","family with sequence similarity 107 member B [Source:HGNC Symbol;Acc:HGNC:23726]","AFFY_HG_U133B,AFFY_HG_U133_PLUS_2"
"215149_AT","ENSG00000196581","AJAP1","adherens junctions associated protein 1 [Source:HGNC Symbol;Acc:HGNC:30801]","AFFY_HG_U133A_2,AFFY_HG_U133_PLUS_2"
"219631_AT","ENSG00000147650","LRP12","LDL receptor related protein 12 [Source:HGNC Symbol;Acc:HGNC:31708]","AFFY_HG_U133A_2,AFFY_HG_U133_PLUS_2"
"1554298_A_AT","ENSG00000174776","WDR49","WD repeat domain 49 [Source:HGNC Symbol;Acc:HGNC:26587]","AFFY_HG_U133_PLUS_2"
"227856_AT","ENSG00000174749","FAM241A","family with sequence similarity 241 member A [Source:HGNC Symbol;Acc:HGNC:26813]","AFFY_HG_U133B,AFFY_HG_U133_PLUS_2"
"207857_AT","ENSG00000239998","LILRA2","leukocyte immunoglobulin like receptor A2 [Source:HGNC Symbol;Acc:HGNC:6603]","AFFY_HG_FOCUS,AFFY_HG_U133A_2,AFFY_HG_U133_PLUS_2"
"224710_AT","ENSG00000109113","RAB34","RAB34, member RAS oncogene family [Source:HGNC Symbol;Acc:HGNC:16519]","AFFY_HG_U133B,AFFY_HG_U133_PLUS_2"
"1559051_S_AT","ENSG00000164430","CGAS","cyclic GMP-AMP synthase [Source:HGNC Symbol;Acc:HGNC:21367]","AFFY_HG_U133_PLUS_2"
"214049_X_AT","ENSG00000173762","CD7","CD7 molecule [Source:HGNC Symbol;Acc:HGNC:1695]","AFFY_HG_U133A_2,AFFY_HG_U133_PLUS_2"
"218627_AT","ENSG00000136048","DRAM1","DNA damage regulated autophagy modulator 1 [Source:HGNC Symbol;Acc:HGNC:25645]","AFFY_HG_U133A_2,AFFY_HG_U133_PLUS_2"
"1552274_AT","ENSG00000168297","PXK","PX domain containing serine/threonine kinase like [Source:HGNC Symbol;Acc:HGNC:23326]","AFFY_HG_U133_PLUS_2"
"1553991_S_AT","ENSG00000176834","VSIG10","V-set and immunoglobulin domain containing 10 [Source:HGNC Symbol;Acc:HGNC:26078]","AFFY_HG_U133_PLUS_2"
"204581_AT","ENSG00000012124","CD22","CD22 molecule [Source:HGNC Symbol;Acc:HGNC:1643]","AFFY_HG_U133A_2,AFFY_HG_U133_PLUS_2"
"204581_AT","ENSG00000126266","FFAR1","free fatty acid receptor 1 [Source:HGNC Symbol;Acc:HGNC:4498]","AFFY_HG_U133A_2,AFFY_HG_U133_PLUS_2"
"226374_AT","ENSG00000154639","CXADR","CXADR Ig-like cell adhesion molecule [Source:HGNC Symbol;Acc:HGNC:2559]","AFFY_HG_U133B,AFFY_HG_U133_PLUS_2"
"206460_AT","ENSG00000196581","AJAP1","adherens junctions associated protein 1 [Source:HGNC Symbol;Acc:HGNC:30801]","AFFY_HG_U133A_2,AFFY_HG_U133_PLUS_2"
"200832_S_AT","ENSG00000099194","SCD","stearoyl-CoA desaturase [Source:HGNC Symbol;Acc:HGNC:10571]","AFFY_HG_FOCUS,AFFY_HG_U133A_2,AFFY_HG_U133_PLUS_2"
"209823_X_AT","None","None","None",
"230466_S_AT","None","None","None",
"215442_S_AT","ENSG00000165409","TSHR","thyroid stimulating hormone receptor [Source:HGNC Symbol;Acc:HGNC:12373]","AFFY_HG_U133A_2,AFFY_HG_U133_PLUS_2"
"1559221_AT","ENSG00000228495","LINC01013","long intergenic non-protein coding RNA 1013 [Source:HGNC Symbol;Acc:HGNC:48987]","AFFY_HG_U133_PLUS_2"
"235383_AT","ENSG00000169994","MYO7B","myosin VIIB [Source:HGNC Symbol;Acc:HGNC:7607]","AFFY_HG_U133B,AFFY_HG_U133_PLUS_2"
"207112_S_AT","ENSG00000109458","GAB1","GRB2 associated binding protein 1 [Source:HGNC Symbol;Acc:HGNC:4066]","AFFY_HG_FOCUS,AFFY_HG_U133A_2,AFFY_HG_U133_PLUS_2"
"226731_AT","ENSG00000213949","ITGA1","integrin subunit alpha 1 [Source:HGNC Symbol;Acc:HGNC:6134]","AFFY_HG_U133B,AFFY_HG_U133_PLUS_2"
"209683_AT","ENSG00000197872","CYRIA","CYFIP related Rac1 interactor A [Source:HGNC Symbol;Acc:HGNC:25373]","AFFY_HG_U133A_2,AFFY_HG_U133_PLUS_2"
"226244_AT","ENSG00000176435","CLEC14A","C-type lectin domain containing 14A [Source:HGNC Symbol;Acc:HGNC:19832]","AFFY_HG_U133B,AFFY_HG_U133_PLUS_2"
"240015_AT","ENSG00000237943","PRKCQ-AS1","PRKCQ antisense RNA 1 [Source:HGNC Symbol;Acc:HGNC:44689]","AFFY_HG_U133B,AFFY_HG_U133_PLUS_2"
"201721_S_AT","ENSG00000162511","LAPTM5","lysosomal protein transmembrane 5 [Source:HGNC Symbol;Acc:HGNC:29612]","AFFY_HG_FOCUS,AFFY_HG_U133A_2,AFFY_HG_U133_PLUS_2"
"227266_S_AT","ENSG00000082074","FYB1","FYN binding protein 1 [Source:HGNC Symbol;Acc:HGNC:4036]","AFFY_HG_U133B,AFFY_HG_U133_PLUS_2"
"1553369_AT","ENSG00000167483","NIBAN3","niban apoptosis regulator 3 [Source:HGNC Symbol;Acc:HGNC:24130]","AFFY_HG_U133_PLUS_2"
"222895_S_AT","ENSG00000127152","BCL11B","BAF chromatin remodeling complex subunit BCL11B [Source:HGNC Symbol;Acc:HGNC:13222]","AFFY_HG_U133B,AFFY_HG_U133_PLUS_2"
"201137_S_AT","ENSG00000223865","HLA-DPB1","major histocompatibility complex, class II, DP beta 1 [Source:HGNC Symbol;Acc:HGNC:4940]","AFFY_HG_FOCUS,AFFY_HG_U133A_2,AFFY_HG_U133_PLUS_2"
"238509_AT","None","None","None",
"203244_AT","ENSG00000139197","PEX5","peroxisomal biogenesis factor 5 [Source:HGNC Symbol;Acc:HGNC:9719]","AFFY_HG_FOCUS,AFFY_HG_U133A_2,AFFY_HG_U133_PLUS_2"
"226546_AT","ENSG00000257698","GIHCG","GIHCG inhibitor of miR-200b/200a/429 expression [Source:HGNC Symbol;Acc:HGNC:52649]","AFFY_HG_U133B,AFFY_HG_U133_PLUS_2"
"238376_AT","ENSG00000179583","CIITA","class II major histocompatibility complex transactivator [Source:HGNC Symbol;Acc:HGNC:7067]","AFFY_HG_U133B,AFFY_HG_U133_PLUS_2"
"202724_S_AT","ENSG00000150907","FOXO1","forkhead box O1 [Source:HGNC Symbol;Acc:HGNC:3819]","AFFY_HG_FOCUS,AFFY_HG_U133A_2,AFFY_HG_U133_PLUS_2"
"205104_AT","ENSG00000101298","SNPH","syntaphilin [Source:HGNC Symbol;Acc:HGNC:15931]","AFFY_HG_FOCUS,AFFY_HG_U133A_2,AFFY_HG_U133_PLUS_2"
"221866_AT","ENSG00000112561","TFEB","transcription factor EB [Source:HGNC Symbol;Acc:HGNC:11753]","AFFY_HG_U133A_2,AFFY_HG_U133_PLUS_2"
"229029_AT","ENSG00000152495","CAMK4","calcium/calmodulin dependent protein kinase IV [Source:HGNC Symbol;Acc:HGNC:1464]","AFFY_HG_U133B,AFFY_HG_U133_PLUS_2"
"223839_S_AT","None","None","None",
"205994_AT","ENSG00000158711","ELK4","ETS transcription factor ELK4 [Source:HGNC Symbol;Acc:HGNC:3326]","AFFY_HG_U133A_2,AFFY_HG_U133_PLUS_2"
"201720_S_AT","ENSG00000162511","LAPTM5","lysosomal protein transmembrane 5 [Source:HGNC Symbol;Acc:HGNC:29612]","AFFY_HG_U133A_2,AFFY_HG_U133_PLUS_2"
"211795_S_AT","ENSG00000082074","FYB1","FYN binding protein 1 [Source:HGNC Symbol;Acc:HGNC:4036]","AFFY_HG_FOCUS,AFFY_HG_U133A_2,AFFY_HG_U133_PLUS_2"
"227725_AT","ENSG00000070526","ST6GALNAC1","ST6 N-acetylgalactosaminide alpha-2,6-sialyltransferase 1 [Source:HGNC Symbol;Acc:HGNC:23614]","AFFY_HG_U133B,AFFY_HG_U133_PLUS_2"
"206545_AT","ENSG00000178562","CD28","CD28 molecule [Source:HGNC Symbol;Acc:HGNC:1653]","AFFY_HG_FOCUS,AFFY_HG_U133A_2,AFFY_HG_U133_PLUS_2"
"223696_AT","ENSG00000006756","ARSD","arylsulfatase D [Source:HGNC Symbol;Acc:HGNC:717]","AFFY_HG_U133B,AFFY_HG_U133_PLUS_2"
"217901_AT","ENSG00000046604","DSG2","desmoglein 2 [Source:HGNC Symbol;Acc:HGNC:3049]","AFFY_HG_FOCUS,AFFY_HG_U133A_2,AFFY_HG_U133_PLUS_2"
"209995_S_AT","ENSG00000100721","TCL1A","TCL1 family AKT coactivator A [Source:HGNC Symbol;Acc:HGNC:11648]","AFFY_HG_U133A_2,AFFY_HG_U133_PLUS_2"
"244280_AT","ENSG00000228495","LINC01013","long intergenic non-protein coding RNA 1013 [Source:HGNC Symbol;Acc:HGNC:48987]","AFFY_HG_U133B,AFFY_HG_U133_PLUS_2"
"202284_S_AT","ENSG00000124762","CDKN1A","cyclin dependent kinase inhibitor 1A [Source:HGNC Symbol;Acc:HGNC:1784]","AFFY_HG_FOCUS,AFFY_HG_U133A_2,AFFY_HG_U133_PLUS_2"
"200771_AT","ENSG00000135862","LAMC1","laminin subunit gamma 1 [Source:HGNC Symbol;Acc:HGNC:6492]","AFFY_HG_FOCUS,AFFY_HG_U133A_2,AFFY_HG_U133_PLUS_2"
"210325_AT","ENSG00000158477","CD1A","CD1a molecule [Source:HGNC Symbol;Acc:HGNC:1634]","AFFY_HG_U133A_2,AFFY_HG_U133_PLUS_2"
"202598_AT","ENSG00000189171","S100A13","S100 calcium binding protein A13 [Source:HGNC Symbol;Acc:HGNC:10490]","AFFY_HG_FOCUS,AFFY_HG_U133A_2,AFFY_HG_U133_PLUS_2"
"202598_AT","ENSG00000271853","None","novel transcript","AFFY_HG_FOCUS,AFFY_HG_U133A_2,AFFY_HG_U133_PLUS_2"
"244874_AT","ENSG00000182022","CHST15","carbohydrate sulfotransferase 15 [Source:HGNC Symbol;Acc:HGNC:18137]","AFFY_HG_U133B,AFFY_HG_U133_PLUS_2"
"238784_AT","ENSG00000177990","DPY19L2","dpy-19 like 2 [Source:HGNC Symbol;Acc:HGNC:19414]","AFFY_HG_U133B,AFFY_HG_U133_PLUS_2"
"1555630_A_AT","ENSG00000109113","RAB34","RAB34, member RAS oncogene family [Source:HGNC Symbol;Acc:HGNC:16519]","AFFY_HG_U133_PLUS_2"
"1568957_X_AT","ENSG00000171943","SRGAP2C","SLIT-ROBO Rho GTPase activating protein 2C [Source:HGNC Symbol;Acc:HGNC:30584]","AFFY_HG_U133_PLUS_2"
"1568957_X_AT","ENSG00000196369","SRGAP2B","SLIT-ROBO Rho GTPase activating protein 2B [Source:HGNC Symbol;Acc:HGNC:35237]","AFFY_HG_U133_PLUS_2"
"1568957_X_AT","ENSG00000266028","SRGAP2","SLIT-ROBO Rho GTPase activating protein 2 [Source:HGNC Symbol;Acc:HGNC:19751]","AFFY_HG_U133_PLUS_2"
"225280_X_AT","ENSG00000006756","ARSD","arylsulfatase D [Source:HGNC Symbol;Acc:HGNC:717]","AFFY_HG_U133B,AFFY_HG_U133_PLUS_2"
"228832_AT","ENSG00000254531","FLJ20021","uncharacterized LOC90024 [Source:NCBI gene (formerly Entrezgene);Acc:90024]","AFFY_HG_U133B,AFFY_HG_U133_PLUS_2"
"213830_AT","None","None","None",
"221214_S_AT","ENSG00000165802","NSMF","NMDA receptor synaptonuclear signaling and neuronal migration factor [Source:HGNC Symbol;Acc:HGNC:29843]","AFFY_HG_U133A_2,AFFY_HG_U133_PLUS_2"
"240546_AT","ENSG00000223631","LINC01120","long intergenic non-protein coding RNA 1120 [Source:HGNC Symbol;Acc:HGNC:49265]","AFFY_HG_U133B,AFFY_HG_U133_PLUS_2"
"221901_AT","ENSG00000138944","SHISAL1","shisa like 1 [Source:HGNC Symbol;Acc:HGNC:29335]","AFFY_HG_U133A_2,AFFY_HG_U133_PLUS_2"
"212719_AT","ENSG00000081913","PHLPP1","PH domain and leucine rich repeat protein phosphatase 1 [Source:HGNC Symbol;Acc:HGNC:20610]","AFFY_HG_U133A_2,AFFY_HG_U133_PLUS_2"
"240053_X_AT","ENSG00000114757","PEX5L","peroxisomal biogenesis factor 5 like [Source:HGNC Symbol;Acc:HGNC:30024]","AFFY_HG_U133B,AFFY_HG_U133_PLUS_2"
"226676_AT","ENSG00000198795","ZNF521","zinc finger protein 521 [Source:HGNC Symbol;Acc:HGNC:24605]","AFFY_HG_U133B,AFFY_HG_U133_PLUS_2"
"238175_AT","None","None","None",
"230158_AT","ENSG00000177990","DPY19L2","dpy-19 like 2 [Source:HGNC Symbol;Acc:HGNC:19414]","AFFY_HG_U133B,AFFY_HG_U133_PLUS_2"
"230158_AT","ENSG00000235436","DPY19L2P4","DPY19L2 pseudogene 4 [Source:HGNC Symbol;Acc:HGNC:22176]","AFFY_HG_U133B,AFFY_HG_U133_PLUS_2"
"230158_AT","ENSG00000291119","DPY19L2P4","DPY19L2 pseudogene 4 [Source:NCBI gene (formerly Entrezgene);Acc:442523]","AFFY_HG_U133B,AFFY_HG_U133_PLUS_2"
"230158_AT","ENSG00000291133","None","novel transcript","AFFY_HG_U133B,AFFY_HG_U133_PLUS_2"
"207015_S_AT","ENSG00000128918","ALDH1A2","aldehyde dehydrogenase 1 family member A2 [Source:HGNC Symbol;Acc:HGNC:15472]","AFFY_HG_U133A_2,AFFY_HG_U133_PLUS_2"
"219667_S_AT","ENSG00000153064","BANK1","B cell scaffold protein with ankyrin repeats 1 [Source:HGNC Symbol;Acc:HGNC:18233]","AFFY_HG_U133A_2,AFFY_HG_U133_PLUS_2"
"226677_AT","ENSG00000198795","ZNF521","zinc finger protein 521 [Source:HGNC Symbol;Acc:HGNC:24605]","AFFY_HG_U133B,AFFY_HG_U133_PLUS_2"
"214475_X_AT","ENSG00000092529","CAPN3","calpain 3 [Source:HGNC Symbol;Acc:HGNC:1480]","AFFY_HG_U133A_2,AFFY_HG_U133_PLUS_2"
"214475_X_AT","ENSG00000258461","None","novel transcript","AFFY_HG_U133A_2,AFFY_HG_U133_PLUS_2"
"226245_AT","ENSG00000134504","KCTD1","potassium channel tetramerization domain containing 1 [Source:HGNC Symbol;Acc:HGNC:18249]","AFFY_HG_U133B,AFFY_HG_U133_PLUS_2"
"1556579_S_AT","ENSG00000152580","IGSF10","immunoglobulin superfamily member 10 [Source:HGNC Symbol;Acc:HGNC:26384]","AFFY_HG_U133_PLUS_2"
"1570412_AT","None","None","None",
"52837_AT","ENSG00000138944","SHISAL1","shisa like 1 [Source:HGNC Symbol;Acc:HGNC:29335]","AFFY_HG_U133A_2,AFFY_HG_U133_PLUS_2,AFFY_HG_U95B"
"232553_AT","ENSG00000102230","PCYT1B","phosphate cytidylyltransferase 1B, choline [Source:HGNC Symbol;Acc:HGNC:8755]","AFFY_HG_U133B,AFFY_HG_U133_PLUS_2"
"225796_AT","ENSG00000168297","PXK","PX domain containing serine/threonine kinase like [Source:HGNC Symbol;Acc:HGNC:23326]","AFFY_HG_U133B,AFFY_HG_U133_PLUS_2"
"211336_X_AT","ENSG00000104972","LILRB1","leukocyte immunoglobulin like receptor B1 [Source:HGNC Symbol;Acc:HGNC:6605]","AFFY_HG_FOCUS,AFFY_HG_U133A_2,AFFY_HG_U133_PLUS_2"
"1565628_AT","ENSG00000154237","LRRK1","leucine rich repeat kinase 1 [Source:HGNC Symbol;Acc:HGNC:18608]","AFFY_HG_U133_PLUS_2"
"204891_S_AT","ENSG00000182866","LCK","LCK proto-oncogene, Src family tyrosine kinase [Source:HGNC Symbol;Acc:HGNC:6524]","AFFY_HG_FOCUS,AFFY_HG_U133A_2,AFFY_HG_U133_PLUS_2"
"1564169_AT","None","None","None",
"206414_S_AT","ENSG00000151693","ASAP2","ArfGAP with SH3 domain, ankyrin repeat and PH domain 2 [Source:HGNC Symbol;Acc:HGNC:2721]","AFFY_HG_FOCUS,AFFY_HG_U133A_2,AFFY_HG_U133_PLUS_2"
"208406_S_AT","ENSG00000100351","GRAP2","GRB2 related adaptor protein 2 [Source:HGNC Symbol;Acc:HGNC:4563]","AFFY_HG_FOCUS,AFFY_HG_U133A_2,AFFY_HG_U133_PLUS_2"
"1553998_AT","ENSG00000184911","DMRTC1B","DMRT like family C1B [Source:HGNC Symbol;Acc:HGNC:31686]","AFFY_HG_U133_PLUS_2"
"1553998_AT","ENSG00000269502","DMRTC1","DMRT like family C1 [Source:HGNC Symbol;Acc:HGNC:13910]","AFFY_HG_U133_PLUS_2"
"226485_AT","ENSG00000176834","VSIG10","V-set and immunoglobulin domain containing 10 [Source:HGNC Symbol;Acc:HGNC:26078]","AFFY_HG_U133B,AFFY_HG_U133_PLUS_2"
"228628_AT","ENSG00000171943","SRGAP2C","SLIT-ROBO Rho GTPase activating protein 2C [Source:HGNC Symbol;Acc:HGNC:30584]","AFFY_HG_U133B,AFFY_HG_U133_PLUS_2"
"228628_AT","ENSG00000196369","SRGAP2B","SLIT-ROBO Rho GTPase activating protein 2B [Source:HGNC Symbol;Acc:HGNC:35237]","AFFY_HG_U133B,AFFY_HG_U133_PLUS_2"
"1559276_AT","ENSG00000265369","PCAT18","prostate cancer associated transcript 18 [Source:HGNC Symbol;Acc:HGNC:49211]","AFFY_HG_U133_PLUS_2"
"218472_S_AT","ENSG00000152684","PELO","pelota mRNA surveillance and ribosome rescue factor [Source:HGNC Symbol;Acc:HGNC:8829]","AFFY_HG_U133A_2,AFFY_HG_U133_PLUS_2"
"201005_AT","ENSG00000010278","CD9","CD9 molecule [Source:HGNC Symbol;Acc:HGNC:1709]","AFFY_HG_FOCUS,AFFY_HG_U133A_2,AFFY_HG_U133_PLUS_2"
"219518_S_AT","ENSG00000128886","ELL3","elongation factor for RNA polymerase II 3 [Source:HGNC Symbol;Acc:HGNC:23113]","AFFY_HG_U133A_2,AFFY_HG_U133_PLUS_2"
"219518_S_AT","ENSG00000262560","None","novel protein","AFFY_HG_U133A_2,AFFY_HG_U133_PLUS_2"
"235900_AT","ENSG00000182557","SPNS3","sphingolipid transporter 3 (putative) [Source:HGNC Symbol;Acc:HGNC:28433]","AFFY_HG_U133B,AFFY_HG_U133_PLUS_2"
"204890_S_AT","ENSG00000182866","LCK","LCK proto-oncogene, Src family tyrosine kinase [Source:HGNC Symbol;Acc:HGNC:6524]","AFFY_HG_U133A_2,AFFY_HG_U133_PLUS_2"
"225385_S_AT","ENSG00000143889","HNRNPLL","heterogeneous nuclear ribonucleoprotein L like [Source:HGNC Symbol;Acc:HGNC:25127]","AFFY_HG_U133B,AFFY_HG_U133_PLUS_2"
"212599_AT","ENSG00000158321","AUTS2","activator of transcription and developmental regulator AUTS2 [Source:HGNC Symbol;Acc:HGNC:14262]","AFFY_HG_U133A_2,AFFY_HG_U133_PLUS_2"
"1554343_A_AT","ENSG00000035720","STAP1","signal transducing adaptor family member 1 [Source:HGNC Symbol;Acc:HGNC:24133]","AFFY_HG_U133_PLUS_2"
"234612_AT","None","None","None",
"229597_S_AT","ENSG00000128815","WDFY4","WDFY family member 4 [Source:HGNC Symbol;Acc:HGNC:29323]","AFFY_HG_U133B,AFFY_HG_U133_PLUS_2"
"229968_AT","None","None","None",
"201218_AT","ENSG00000175029","CTBP2","C-terminal binding protein 2 [Source:HGNC Symbol;Acc:HGNC:2495]","AFFY_HG_U133A_2,AFFY_HG_U133_PLUS_2"
"201218_AT","ENSG00000251102","CTBP2P4","CTBP2 pseudogene 4 [Source:HGNC Symbol;Acc:HGNC:45196]","AFFY_HG_U133A_2,AFFY_HG_U133_PLUS_2"
"228831_S_AT","ENSG00000176533","GNG7","G protein subunit gamma 7 [Source:HGNC Symbol;Acc:HGNC:4410]","AFFY_HG_U133B,AFFY_HG_U133_PLUS_2"
"220253_S_AT","ENSG00000147650","LRP12","LDL receptor related protein 12 [Source:HGNC Symbol;Acc:HGNC:31708]","AFFY_HG_FOCUS,AFFY_HG_U133A_2,AFFY_HG_U133_PLUS_2"
"206683_AT","ENSG00000197279","ZNF165","zinc finger protein 165 [Source:HGNC Symbol;Acc:HGNC:12953]","AFFY_HG_FOCUS,AFFY_HG_U133A_2,AFFY_HG_U133_PLUS_2"
"213958_AT","ENSG00000013725","CD6","CD6 molecule [Source:HGNC Symbol;Acc:HGNC:1691]","AFFY_HG_FOCUS,AFFY_HG_U133A_2,AFFY_HG_U133_PLUS_2"
"229002_AT","ENSG00000165716","DIPK1B","divergent protein kinase domain 1B [Source:HGNC Symbol;Acc:HGNC:28290]","AFFY_HG_U133B,AFFY_HG_U133_PLUS_2"
"210658_S_AT","ENSG00000103365","GGA2","golgi associated, gamma adaptin ear containing, ARF binding protein 2 [Source:HGNC Symbol;Acc:HGNC:16064]","AFFY_HG_U133A_2,AFFY_HG_U133_PLUS_2"
"232001_AT","ENSG00000237943","PRKCQ-AS1","PRKCQ antisense RNA 1 [Source:HGNC Symbol;Acc:HGNC:44689]","AFFY_HG_U133B,AFFY_HG_U133_PLUS_2"
"222915_S_AT","ENSG00000153064","BANK1","B cell scaffold protein with ankyrin repeats 1 [Source:HGNC Symbol;Acc:HGNC:18233]","AFFY_HG_U133B,AFFY_HG_U133_PLUS_2"
"222476_AT","ENSG00000113300","CNOT6","CCR4-NOT transcription complex subunit 6 [Source:HGNC Symbol;Acc:HGNC:14099]","AFFY_HG_U133B,AFFY_HG_U133_PLUS_2"
"210039_S_AT","ENSG00000065675","PRKCQ","protein kinase C theta [Source:HGNC Symbol;Acc:HGNC:9410]","AFFY_HG_FOCUS,AFFY_HG_U133A_2,AFFY_HG_U133_PLUS_2"
"244172_AT","ENSG00000095585","BLNK","B cell linker [Source:HGNC Symbol;Acc:HGNC:14211]","AFFY_HG_U133B,AFFY_HG_U133_PLUS_2"
"209101_AT","ENSG00000118523","CCN2","cellular communication network factor 2 [Source:HGNC Symbol;Acc:HGNC:2500]","AFFY_HG_FOCUS,AFFY_HG_U133A_2,AFFY_HG_U133_PLUS_2"
"1552275_S_AT","ENSG00000168297","PXK","PX domain containing serine/threonine kinase like [Source:HGNC Symbol;Acc:HGNC:23326]","AFFY_HG_U133_PLUS_2"
"1552388_AT","ENSG00000159307","SCUBE1","signal peptide, CUB domain and EGF like domain containing 1 [Source:HGNC Symbol;Acc:HGNC:13441]","AFFY_HG_U133_PLUS_2"
"244189_AT","ENSG00000235954","TTC28-AS1","TTC28 antisense RNA 1 [Source:HGNC Symbol;Acc:HGNC:29336]","AFFY_HG_U133B,AFFY_HG_U133_PLUS_2"
"223058_AT","ENSG00000065809","FAM107B","family with sequence similarity 107 member B [Source:HGNC Symbol;Acc:HGNC:23726]","AFFY_HG_U133B,AFFY_HG_U133_PLUS_2"
"228353_X_AT","ENSG00000154127","UBASH3B","ubiquitin associated and SH3 domain containing B [Source:HGNC Symbol;Acc:HGNC:29884]","AFFY_HG_U133B,AFFY_HG_U133_PLUS_2"
"207614_S_AT","ENSG00000055130","CUL1","cullin 1 [Source:HGNC Symbol;Acc:HGNC:2551]","AFFY_HG_FOCUS,AFFY_HG_U133A_2,AFFY_HG_U133_PLUS_2"
"223044_AT","ENSG00000138449","SLC40A1","solute carrier family 40 member 1 [Source:HGNC Symbol;Acc:HGNC:10909]","AFFY_HG_U133B,AFFY_HG_U133_PLUS_2"
"217143_S_AT","ENSG00000211829","TRDC","T cell receptor delta constant [Source:HGNC Symbol;Acc:HGNC:12253]","AFFY_HG_U133A_2,AFFY_HG_U133_PLUS_2"
"204430_S_AT","ENSG00000142583","SLC2A5","solute carrier family 2 member 5 [Source:HGNC Symbol;Acc:HGNC:11010]","AFFY_HG_U133A_2,AFFY_HG_U133_PLUS_2"
"226397_S_AT","ENSG00000112137","PHACTR1","phosphatase and actin regulator 1 [Source:HGNC Symbol;Acc:HGNC:20990]","AFFY_HG_U133B,AFFY_HG_U133_PLUS_2"
"216617_S_AT","ENSG00000105695","MAG","myelin associated glycoprotein [Source:HGNC Symbol;Acc:HGNC:6783]","AFFY_HG_FOCUS,AFFY_HG_U133A_2,AFFY_HG_U133_PLUS_2"
"215210_S_AT","ENSG00000119689","DLST","dihydrolipoamide S-succinyltransferase [Source:HGNC Symbol;Acc:HGNC:2911]","AFFY_HG_U133A_2,AFFY_HG_U133_PLUS_2"
"220998_S_AT","ENSG00000110057","UNC93B1","unc-93 homolog B1, TLR signaling regulator [Source:HGNC Symbol;Acc:HGNC:13481]","AFFY_HG_FOCUS,AFFY_HG_U133A_2,AFFY_HG_U133_PLUS_2"
"220998_S_AT","ENSG00000155070","UNC93B2","unc-93 homolog B2 (pseudogene) [Source:HGNC Symbol;Acc:HGNC:13482]","AFFY_HG_FOCUS,AFFY_HG_U133A_2,AFFY_HG_U133_PLUS_2"
"220998_S_AT","ENSG00000172971","UNC93B3","unc-93 homolog B3 (pseudogene) [Source:HGNC Symbol;Acc:HGNC:13483]","AFFY_HG_FOCUS,AFFY_HG_U133A_2,AFFY_HG_U133_PLUS_2"
"220998_S_AT","ENSG00000249272","UNC93B8","unc-93 homolog B8 (pseudogene) [Source:HGNC Symbol;Acc:HGNC:44037]","AFFY_HG_FOCUS,AFFY_HG_U133A_2,AFFY_HG_U133_PLUS_2"
"220998_S_AT","ENSG00000250381","UNC93B4","unc-93 homolog B4 (pseudogene) [Source:HGNC Symbol;Acc:HGNC:13484]","AFFY_HG_FOCUS,AFFY_HG_U133A_2,AFFY_HG_U133_PLUS_2"
"36545_S_AT","ENSG00000198089","SFI1","SFI1 centrin binding protein [Source:HGNC Symbol;Acc:HGNC:29064]","AFFY_HG_U133A_2,AFFY_HG_U133_PLUS_2,AFFY_HG_U95A,AFFY_HG_U95AV2"
"212730_AT","ENSG00000182253","SYNM","synemin [Source:HGNC Symbol;Acc:HGNC:24466]","AFFY_HG_U133A_2,AFFY_HG_U133_PLUS_2"
"201219_AT","ENSG00000175029","CTBP2","C-terminal binding protein 2 [Source:HGNC Symbol;Acc:HGNC:2495]","AFFY_HG_U133A_2,AFFY_HG_U133_PLUS_2"
"210554_S_AT","ENSG00000175029","CTBP2","C-terminal binding protein 2 [Source:HGNC Symbol;Acc:HGNC:2495]","AFFY_HG_U133A_2,AFFY_HG_U133_PLUS_2"
"210554_S_AT","ENSG00000234383","CTBP2P8","CTBP2 pseudogene 8 [Source:HGNC Symbol;Acc:HGNC:45200]","AFFY_HG_U133A_2,AFFY_HG_U133_PLUS_2"
"210554_S_AT","ENSG00000251102","CTBP2P4","CTBP2 pseudogene 4 [Source:HGNC Symbol;Acc:HGNC:45196]","AFFY_HG_U133A_2,AFFY_HG_U133_PLUS_2"
